-- Seed data generated from data.js for the CRM prototype.
-- Test user passwords are stored as salted scrypt hashes in users.
-- role_permissions stores machine-readable permission codes used by the API.
BEGIN TRANSACTION;
INSERT INTO customers (account_number, name, ssn, cif, dob, zip, relationship, address, phone, email, primary_branch, personal_banker, wealth_advisor, checking_balance, savings_balance, household_balance, invested_balance, affluency_tier, fraud_risk_score, fraud_risk_tier, fraud_cases, frontline_notes, last_reviewed) VALUES ('10024588', 'Elise Parker', '000-12-1001', 'CIF-8842391', '03/18/1977', '46204', '13 years', '214 N Meridian St, Indianapolis, IN 46204', '317-555-0188', 'elise.parker@example.com', 'Indianapolis Downtown', 'Nora Whitfield', 'Luke', 24780, 98300, 428940, 236520, 3, 72, 'High', 2, 3, '05/28/2026');
INSERT INTO customer_profitability (account_number, tier, annual_contribution, main_driver, watch_item) VALUES ('10024588', 'High', 4850, 'Mortgage, deposits, investments, and business services', 'High fraud score requires careful service handling');
INSERT INTO customer_accounts (account_number, product_type, product_account, status, open_date, balance, sort_order) VALUES ('10024588', 'Premier Checking', '10024588', 'Open', '04/12/2013', 24780, 1);
INSERT INTO customer_accounts (account_number, product_type, product_account, status, open_date, balance, sort_order) VALUES ('10024588', 'Money Market Savings', '20024588', 'Open', '09/03/2015', 98300, 2);
INSERT INTO customer_accounts (account_number, product_type, product_account, status, open_date, balance, sort_order) VALUES ('10024588', '12 Month CD', '30024588', 'Matures 09/2026', '09/18/2025', 63240, 3);
INSERT INTO loans (account_number, loan_type, balance, status, payment_status, sort_order) VALUES ('10024588', 'Mortgage', 221400, 'Current', 'Next due 06/15/2026', 1);
INSERT INTO loans (account_number, loan_type, balance, status, payment_status, sort_order) VALUES ('10024588', 'Auto Loan', 21120, 'Current', 'Next due 06/22/2026', 2);
INSERT INTO household_members (account_number, member_name, relationship, products, sort_order) VALUES ('10024588', 'Elise Parker', 'Primary', 'Checking, Savings, Mortgage', 1);
INSERT INTO household_members (account_number, member_name, relationship, products, sort_order) VALUES ('10024588', 'Jordan Parker', 'Spouse', 'Joint Savings, Auto Loan', 2);
INSERT INTO customer_business_accounts (account_number, business_name, owner_role, products, relationship_value, sort_order) VALUES ('10024588', 'Parker Design Studio LLC', 'Owner', 'Business Checking, Merchant Services, Business Credit Card', 86400, 1);
INSERT INTO fraud_history (account_number, fraud_type, event_count, impact, sort_order) VALUES ('10024588', 'Account Takeover', 1, 22, 1);
INSERT INTO fraud_history (account_number, fraud_type, event_count, impact, sort_order) VALUES ('10024588', 'Card Fraud', 1, 14, 2);
INSERT INTO fraud_history (account_number, fraud_type, event_count, impact, sort_order) VALUES ('10024588', 'Suspicious Login', 3, 18, 3);
INSERT INTO fraud_history (account_number, fraud_type, event_count, impact, sort_order) VALUES ('10024588', 'Phishing Concern', 2, 10, 4);
INSERT INTO fraud_drivers (account_number, driver, sort_order) VALUES ('10024588', 'Prior account takeover case', 1);
INSERT INTO fraud_drivers (account_number, driver, sort_order) VALUES ('10024588', 'Recent suspicious login activity', 2);
INSERT INTO fraud_drivers (account_number, driver, sort_order) VALUES ('10024588', 'Frontline escalation notes', 3);
INSERT INTO fraud_drivers (account_number, driver, sort_order) VALUES ('10024588', 'High-value transaction exposure', 4);
INSERT INTO discover_needs (account_number, product, priority, reason, next_action, status, sort_order) VALUES ('10024588', 'Managed Investment Review', 'High', 'Affluency tier 3 client with significant invested balance and savings activity.', 'Schedule a wealth advisor consultation.', 'Ready for outreach', 1);
INSERT INTO discover_needs (account_number, product, priority, reason, next_action, status, sort_order) VALUES ('10024588', 'Mortgage Refinance Review', 'Medium', 'Active mortgage relationship with enough household value for a refinance conversation.', 'Review current mortgage terms with the client.', 'Needs banker review', 2);
INSERT INTO discover_needs (account_number, product, priority, reason, next_action, status, sort_order) VALUES ('10024588', 'CD Ladder Strategy', 'Medium', 'Client already holds a CD and has balances that may benefit from staged maturities.', 'Discuss liquidity needs and renewal timing.', 'Opportunity identified', 3);
INSERT INTO next_best_actions (account_number, title, priority, reason, banker, due) VALUES ('10024588', 'Schedule wealth consultation', 'High', 'Tier 3 affluency client with strong invested balance and assigned wealth advisor.', 'Nora Whitfield', '06/07/2026');
INSERT INTO customer_alerts (account_number, label, alert_type, sort_order) VALUES ('10024588', 'CD maturity conversation available', 'Opportunity', 1);
INSERT INTO customer_alerts (account_number, label, alert_type, sort_order) VALUES ('10024588', 'Fraud matrix score is high', 'Risk', 2);
INSERT INTO customer_alerts (account_number, label, alert_type, sort_order) VALUES ('10024588', 'Wealth advisor assigned', 'Relationship', 3);
INSERT INTO customer_notes (account_number, author, note_date, note_text, sort_order) VALUES ('10024588', 'Nora Whitfield', '05/29/2026', 'Client asked about conservative investment options.', 1);
INSERT INTO customer_notes (account_number, author, note_date, note_text, sort_order) VALUES ('10024588', 'Branch Teller', '05/28/2026', 'Confirmed updated phone number during branch visit.', 2);
INSERT INTO customers (account_number, name, ssn, cif, dob, zip, relationship, address, phone, email, primary_branch, personal_banker, wealth_advisor, checking_balance, savings_balance, household_balance, invested_balance, affluency_tier, fraud_risk_score, fraud_risk_tier, fraud_cases, frontline_notes, last_reviewed) VALUES ('10031942', 'Marcus Reed', '000-12-1002', 'CIF-3194207', '11/02/1985', '46220', '8 years', '728 Broad Ripple Ave, Indianapolis, IN 46220', '317-555-0142', 'marcus.reed@example.com', 'Broad Ripple', 'Caleb Martin', 'Not assigned', 6420, 18450, 38620, 7200, 1, 54, 'Medium', 1, 1, '05/19/2026');
INSERT INTO customer_profitability (account_number, tier, annual_contribution, main_driver, watch_item) VALUES ('10031942', 'Medium', 920, 'Personal loan and deposit relationship', 'Recent card dispute');
INSERT INTO customer_accounts (account_number, product_type, product_account, status, open_date, balance, sort_order) VALUES ('10031942', 'Everyday Checking', '10031942', 'Open', '07/29/2018', 6420, 1);
INSERT INTO customer_accounts (account_number, product_type, product_account, status, open_date, balance, sort_order) VALUES ('10031942', 'Statement Savings', '20031942', 'Open', '08/02/2018', 18450, 2);
INSERT INTO customer_accounts (account_number, product_type, product_account, status, open_date, balance, sort_order) VALUES ('10031942', 'Rewards Credit Card', '40031942', 'Active', '01/15/2021', 3950, 3);
INSERT INTO loans (account_number, loan_type, balance, status, payment_status, sort_order) VALUES ('10031942', 'Personal Loan', 9800, 'Current', 'Next due 06/10/2026', 1);
INSERT INTO household_members (account_number, member_name, relationship, products, sort_order) VALUES ('10031942', 'Marcus Reed', 'Primary', 'Checking, Savings, Personal Loan', 1);
INSERT INTO household_members (account_number, member_name, relationship, products, sort_order) VALUES ('10031942', 'Tasha Reed', 'Authorized User', 'Credit Card', 2);
INSERT INTO fraud_history (account_number, fraud_type, event_count, impact, sort_order) VALUES ('10031942', 'Account Takeover', 0, 0, 1);
INSERT INTO fraud_history (account_number, fraud_type, event_count, impact, sort_order) VALUES ('10031942', 'Card Fraud', 1, 16, 2);
INSERT INTO fraud_history (account_number, fraud_type, event_count, impact, sort_order) VALUES ('10031942', 'Suspicious Login', 2, 14, 3);
INSERT INTO fraud_history (account_number, fraud_type, event_count, impact, sort_order) VALUES ('10031942', 'Phishing Concern', 1, 8, 4);
INSERT INTO fraud_drivers (account_number, driver, sort_order) VALUES ('10031942', 'Recent card dispute', 1);
INSERT INTO fraud_drivers (account_number, driver, sort_order) VALUES ('10031942', 'New device activity', 2);
INSERT INTO fraud_drivers (account_number, driver, sort_order) VALUES ('10031942', 'One frontline observation', 3);
INSERT INTO fraud_drivers (account_number, driver, sort_order) VALUES ('10031942', 'Moderate account tenure', 4);
INSERT INTO discover_needs (account_number, product, priority, reason, next_action, status, sort_order) VALUES ('10031942', 'High-Yield Savings Conversion', 'High', 'Savings balance is growing and could be moved into a better-fit savings product.', 'Compare current savings yield with high-yield option.', 'Ready for banker conversation', 1);
INSERT INTO discover_needs (account_number, product, priority, reason, next_action, status, sort_order) VALUES ('10031942', 'Personal Loan Refinance', 'Medium', 'Client has an active personal loan that may qualify for payment or rate review.', 'Review loan terms and payment history.', 'Needs lending review', 2);
INSERT INTO discover_needs (account_number, product, priority, reason, next_action, status, sort_order) VALUES ('10031942', 'Credit Card Rewards Review', 'Low', 'Rewards card is active and may benefit from spending-category alignment.', 'Ask about top monthly spending categories.', 'Optional discussion', 3);
INSERT INTO next_best_actions (account_number, title, priority, reason, banker, due) VALUES ('10031942', 'Review savings options', 'High', 'Savings balance is large enough for a high-yield savings conversation.', 'Caleb Martin', '06/05/2026');
INSERT INTO customer_alerts (account_number, label, alert_type, sort_order) VALUES ('10031942', 'Personal loan review available', 'Opportunity', 1);
INSERT INTO customer_alerts (account_number, label, alert_type, sort_order) VALUES ('10031942', 'Recent card dispute', 'Service', 2);
INSERT INTO customer_alerts (account_number, label, alert_type, sort_order) VALUES ('10031942', 'Savings product fit opportunity', 'Opportunity', 3);
INSERT INTO customer_notes (account_number, author, note_date, note_text, sort_order) VALUES ('10031942', 'Caleb Martin', '05/21/2026', 'Client may be interested in lowering personal loan payment.', 1);
INSERT INTO customer_notes (account_number, author, note_date, note_text, sort_order) VALUES ('10031942', 'Contact Center', '05/19/2026', 'Client called about rewards card dispute timeline.', 2);
INSERT INTO customers (account_number, name, ssn, cif, dob, zip, relationship, address, phone, email, primary_branch, personal_banker, wealth_advisor, checking_balance, savings_balance, household_balance, invested_balance, affluency_tier, fraud_risk_score, fraud_risk_tier, fraud_cases, frontline_notes, last_reviewed) VALUES ('10058217', 'Dana Collins', '000-12-1003', 'CIF-5821712', '06/29/1969', '46032', '21 years', '1188 Oak Ridge Dr, Carmel, IN 46032', '317-555-0103', 'dana.collins@example.com', 'Carmel', 'Iris Bennett', 'Victor Hale', 18220, 156900, 312700, 188480, 3, 24, 'Low', 0, 0, '05/12/2026');
INSERT INTO customer_profitability (account_number, tier, annual_contribution, main_driver, watch_item) VALUES ('10058217', 'High', 3420, 'High deposits, HELOC, and wealth opportunity', 'Review HELOC renewal timing');
INSERT INTO customer_accounts (account_number, product_type, product_account, status, open_date, balance, sort_order) VALUES ('10058217', 'Premier Checking', '10058217', 'Open', '03/04/2005', 18220, 1);
INSERT INTO customer_accounts (account_number, product_type, product_account, status, open_date, balance, sort_order) VALUES ('10058217', 'High Yield Savings', '20058217', 'Open', '03/04/2005', 156900, 2);
INSERT INTO customer_accounts (account_number, product_type, product_account, status, open_date, balance, sort_order) VALUES ('10058217', '36 Month CD', '30058217', 'Matures 12/2027', '12/11/2024', 94000, 3);
INSERT INTO loans (account_number, loan_type, balance, status, payment_status, sort_order) VALUES ('10058217', 'Home Equity Line', 43600, 'Current', 'Interest due 06/18/2026', 1);
INSERT INTO household_members (account_number, member_name, relationship, products, sort_order) VALUES ('10058217', 'Dana Collins', 'Primary', 'Checking, Savings, HELOC', 1);
INSERT INTO household_members (account_number, member_name, relationship, products, sort_order) VALUES ('10058217', 'Morgan Collins', 'Joint Owner', 'Joint Checking, CD', 2);
INSERT INTO customer_business_accounts (account_number, business_name, owner_role, products, relationship_value, sort_order) VALUES ('10058217', 'Collins Properties LLC', 'Managing Member', 'Business Checking, Line of Credit', 142800, 1);
INSERT INTO fraud_history (account_number, fraud_type, event_count, impact, sort_order) VALUES ('10058217', 'Account Takeover', 0, 0, 1);
INSERT INTO fraud_history (account_number, fraud_type, event_count, impact, sort_order) VALUES ('10058217', 'Card Fraud', 0, 0, 2);
INSERT INTO fraud_history (account_number, fraud_type, event_count, impact, sort_order) VALUES ('10058217', 'Suspicious Login', 1, 6, 3);
INSERT INTO fraud_history (account_number, fraud_type, event_count, impact, sort_order) VALUES ('10058217', 'Phishing Concern', 0, 0, 4);
INSERT INTO fraud_drivers (account_number, driver, sort_order) VALUES ('10058217', 'No recent fraud cases', 1);
INSERT INTO fraud_drivers (account_number, driver, sort_order) VALUES ('10058217', 'Stable login behavior', 2);
INSERT INTO fraud_drivers (account_number, driver, sort_order) VALUES ('10058217', 'Long relationship history', 3);
INSERT INTO fraud_drivers (account_number, driver, sort_order) VALUES ('10058217', 'Low frontline concern volume', 4);
INSERT INTO discover_needs (account_number, product, priority, reason, next_action, status, sort_order) VALUES ('10058217', 'Wealth Planning Review', 'High', 'Affluency tier 3 client with long tenure and strong deposit balances.', 'Set a joint banker and wealth advisor review.', 'Ready for outreach', 1);
INSERT INTO discover_needs (account_number, product, priority, reason, next_action, status, sort_order) VALUES ('10058217', 'Home Equity Line Review', 'Medium', 'Existing HELOC relationship may need a limit, rate, or draw-period review.', 'Review HELOC usage and upcoming renewal dates.', 'Needs lending review', 2);
INSERT INTO discover_needs (account_number, product, priority, reason, next_action, status, sort_order) VALUES ('10058217', 'Premium Savings Strategy', 'Medium', 'High savings balance may benefit from product optimization.', 'Discuss reserve balance and liquidity preferences.', 'Opportunity identified', 3);
INSERT INTO next_best_actions (account_number, title, priority, reason, banker, due) VALUES ('10058217', 'Set wealth planning review', 'High', 'Long-tenured, tier 3 client with large savings and invested balances.', 'Iris Bennett', '06/12/2026');
INSERT INTO customer_alerts (account_number, label, alert_type, sort_order) VALUES ('10058217', 'High savings balance', 'Opportunity', 1);
INSERT INTO customer_alerts (account_number, label, alert_type, sort_order) VALUES ('10058217', 'HELOC review available', 'Lending', 2);
INSERT INTO customer_alerts (account_number, label, alert_type, sort_order) VALUES ('10058217', 'Wealth advisor assigned', 'Relationship', 3);
INSERT INTO customer_notes (account_number, author, note_date, note_text, sort_order) VALUES ('10058217', 'Iris Bennett', '05/15/2026', 'Client prefers in-branch appointments for financial reviews.', 1);
INSERT INTO customer_notes (account_number, author, note_date, note_text, sort_order) VALUES ('10058217', 'Branch Teller', '05/12/2026', 'No service issues reported during last visit.', 2);
INSERT INTO customers (account_number, name, ssn, cif, dob, zip, relationship, address, phone, email, primary_branch, personal_banker, wealth_advisor, checking_balance, savings_balance, household_balance, invested_balance, affluency_tier, fraud_risk_score, fraud_risk_tier, fraud_cases, frontline_notes, last_reviewed) VALUES ('10077403', 'Priya Shah', '000-12-1004', 'CIF-7740304', '01/14/1992', '46236', '4 years', '9008 Fall Creek Rd, Indianapolis, IN 46236', '317-555-0174', 'priya.shah@example.com', 'Geist', 'Maya Thompson', 'Not assigned', 3840, 12900, 22140, 0, 1, 47, 'Medium', 0, 2, '05/24/2026');
INSERT INTO customer_profitability (account_number, tier, annual_contribution, main_driver, watch_item) VALUES ('10077403', 'Low', 340, 'Checking, savings, and card relationship', 'Relationship is still developing');
INSERT INTO customer_accounts (account_number, product_type, product_account, status, open_date, balance, sort_order) VALUES ('10077403', 'Everyday Checking', '10077403', 'Open', '05/21/2022', 3840, 1);
INSERT INTO customer_accounts (account_number, product_type, product_account, status, open_date, balance, sort_order) VALUES ('10077403', 'Statement Savings', '20077403', 'Open', '05/21/2022', 12900, 2);
INSERT INTO customer_accounts (account_number, product_type, product_account, status, open_date, balance, sort_order) VALUES ('10077403', 'Rewards Credit Card', '40077403', 'Active', '10/09/2023', 2140, 3);
INSERT INTO loans (account_number, loan_type, balance, status, payment_status, sort_order) VALUES ('10077403', 'Credit Card', 2140, 'Active', 'Minimum due 06/04/2026', 1);
INSERT INTO household_members (account_number, member_name, relationship, products, sort_order) VALUES ('10077403', 'Priya Shah', 'Primary', 'Checking, Savings, Credit Card', 1);
INSERT INTO fraud_history (account_number, fraud_type, event_count, impact, sort_order) VALUES ('10077403', 'Account Takeover', 0, 0, 1);
INSERT INTO fraud_history (account_number, fraud_type, event_count, impact, sort_order) VALUES ('10077403', 'Card Fraud', 0, 0, 2);
INSERT INTO fraud_history (account_number, fraud_type, event_count, impact, sort_order) VALUES ('10077403', 'Suspicious Login', 2, 15, 3);
INSERT INTO fraud_history (account_number, fraud_type, event_count, impact, sort_order) VALUES ('10077403', 'Phishing Concern', 2, 12, 4);
INSERT INTO fraud_drivers (account_number, driver, sort_order) VALUES ('10077403', 'Two frontline notes', 1);
INSERT INTO fraud_drivers (account_number, driver, sort_order) VALUES ('10077403', 'Repeated login verification prompts', 2);
INSERT INTO fraud_drivers (account_number, driver, sort_order) VALUES ('10077403', 'No confirmed fraud loss', 3);
INSERT INTO fraud_drivers (account_number, driver, sort_order) VALUES ('10077403', 'Lower total relationship exposure', 4);
INSERT INTO discover_needs (account_number, product, priority, reason, next_action, status, sort_order) VALUES ('10077403', 'Starter Investment Conversation', 'Medium', 'Client has no invested balance and could benefit from an introductory investment discussion.', 'Ask about savings goals and time horizon.', 'Needs discovery', 1);
INSERT INTO discover_needs (account_number, product, priority, reason, next_action, status, sort_order) VALUES ('10077403', 'Credit Card Payment Plan Review', 'Medium', 'Credit card balance is active and may need payment-plan support.', 'Review monthly payment comfort and payoff goal.', 'Banker conversation', 2);
INSERT INTO discover_needs (account_number, product, priority, reason, next_action, status, sort_order) VALUES ('10077403', 'Emergency Savings Goal', 'Low', 'Savings balance exists but relationship value is still developing.', 'Set target reserve balance with client.', 'Optional discussion', 3);
INSERT INTO next_best_actions (account_number, title, priority, reason, banker, due) VALUES ('10077403', 'Ask about savings goals', 'Medium', 'Client has growing savings but no invested balance with the bank.', 'Maya Thompson', '06/09/2026');
INSERT INTO customer_alerts (account_number, label, alert_type, sort_order) VALUES ('10077403', 'Starter investment conversation', 'Opportunity', 1);
INSERT INTO customer_alerts (account_number, label, alert_type, sort_order) VALUES ('10077403', 'Credit card payment due soon', 'Service', 2);
INSERT INTO customer_alerts (account_number, label, alert_type, sort_order) VALUES ('10077403', 'Two recent frontline notes', 'Service', 3);
INSERT INTO customer_notes (account_number, author, note_date, note_text, sort_order) VALUES ('10077403', 'Maya Thompson', '05/26/2026', 'Client is saving for a home down payment.', 1);
INSERT INTO customer_notes (account_number, author, note_date, note_text, sort_order) VALUES ('10077403', 'Branch Teller', '05/24/2026', 'Client asked about automatic transfers to savings.', 2);
INSERT INTO customers (account_number, name, ssn, cif, dob, zip, relationship, address, phone, email, primary_branch, personal_banker, wealth_advisor, checking_balance, savings_balance, household_balance, invested_balance, affluency_tier, fraud_risk_score, fraud_risk_tier, fraud_cases, frontline_notes, last_reviewed) VALUES ('10090866', 'Thomas Nguyen', '000-12-1005', 'CIF-9086619', '09/05/1958', '46202', '17 years', '401 Mass Ave, Indianapolis, IN 46202', '317-555-0166', 'thomas.nguyen@example.com', 'Mass Ave', 'Evan Brooks', 'Leah Sullivan', 44210, 720400, 1028430, 984220, 3, 18, 'Low', 0, 0, '05/07/2026');
INSERT INTO customer_profitability (account_number, tier, annual_contribution, main_driver, watch_item) VALUES ('10090866', 'High', 7850, 'Private client deposits, CDs, and investment balances', 'Beneficiary and estate review recommended');
INSERT INTO customer_accounts (account_number, product_type, product_account, status, open_date, balance, sort_order) VALUES ('10090866', 'Private Client Checking', '10090866', 'Open', '11/16/2009', 44210, 1);
INSERT INTO customer_accounts (account_number, product_type, product_account, status, open_date, balance, sort_order) VALUES ('10090866', 'Premium Savings', '20090866', 'Open', '11/16/2009', 720400, 2);
INSERT INTO customer_accounts (account_number, product_type, product_account, status, open_date, balance, sort_order) VALUES ('10090866', 'Brokered CD', '30090866', 'Matures 03/2027', '03/02/2025', 263820, 3);
INSERT INTO household_members (account_number, member_name, relationship, products, sort_order) VALUES ('10090866', 'Thomas Nguyen', 'Primary', 'Checking, Savings, CD', 1);
INSERT INTO household_members (account_number, member_name, relationship, products, sort_order) VALUES ('10090866', 'Linh Nguyen', 'Spouse', 'Joint Savings', 2);
INSERT INTO customer_business_accounts (account_number, business_name, owner_role, products, relationship_value, sort_order) VALUES ('10090866', 'Nguyen Family Holdings LLC', 'Authorized Signer', 'Business Checking, Treasury Services', 318500, 1);
INSERT INTO fraud_history (account_number, fraud_type, event_count, impact, sort_order) VALUES ('10090866', 'Account Takeover', 0, 0, 1);
INSERT INTO fraud_history (account_number, fraud_type, event_count, impact, sort_order) VALUES ('10090866', 'Card Fraud', 0, 0, 2);
INSERT INTO fraud_history (account_number, fraud_type, event_count, impact, sort_order) VALUES ('10090866', 'Suspicious Login', 0, 0, 3);
INSERT INTO fraud_history (account_number, fraud_type, event_count, impact, sort_order) VALUES ('10090866', 'Phishing Concern', 0, 0, 4);
INSERT INTO fraud_drivers (account_number, driver, sort_order) VALUES ('10090866', 'No fraud history', 1);
INSERT INTO fraud_drivers (account_number, driver, sort_order) VALUES ('10090866', 'Stable device behavior', 2);
INSERT INTO fraud_drivers (account_number, driver, sort_order) VALUES ('10090866', 'Long-standing client', 3);
INSERT INTO fraud_drivers (account_number, driver, sort_order) VALUES ('10090866', 'High value client monitored with low alerts', 4);
INSERT INTO discover_needs (account_number, product, priority, reason, next_action, status, sort_order) VALUES ('10090866', 'Private Client Wealth Review', 'High', 'Highest household balance and invested balance among the test clients.', 'Schedule annual wealth review with assigned advisor.', 'Ready for outreach', 1);
INSERT INTO discover_needs (account_number, product, priority, reason, next_action, status, sort_order) VALUES ('10090866', 'Estate and Beneficiary Review', 'High', 'Large relationship value should trigger beneficiary and account titling review.', 'Confirm beneficiaries and joint ownership details.', 'Needs advisor review', 2);
INSERT INTO discover_needs (account_number, product, priority, reason, next_action, status, sort_order) VALUES ('10090866', 'CD Maturity Strategy', 'Medium', 'Brokered CD maturity creates a timely reinvestment conversation.', 'Review CD maturity date and reinvestment options.', 'Opportunity identified', 3);
INSERT INTO next_best_actions (account_number, title, priority, reason, banker, due) VALUES ('10090866', 'Complete annual wealth review', 'High', 'Private client with highest relationship value and assigned wealth advisor.', 'Evan Brooks', '06/14/2026');
INSERT INTO customer_alerts (account_number, label, alert_type, sort_order) VALUES ('10090866', 'CD maturity strategy available', 'Opportunity', 1);
INSERT INTO customer_alerts (account_number, label, alert_type, sort_order) VALUES ('10090866', 'Beneficiary review recommended', 'Service', 2);
INSERT INTO customer_alerts (account_number, label, alert_type, sort_order) VALUES ('10090866', 'Private client relationship', 'Relationship', 3);
INSERT INTO customer_notes (account_number, author, note_date, note_text, sort_order) VALUES ('10090866', 'Evan Brooks', '05/10/2026', 'Client prefers quarterly check-ins by phone.', 1);
INSERT INTO customer_notes (account_number, author, note_date, note_text, sort_order) VALUES ('10090866', 'Leah Sullivan', '05/07/2026', 'Discussed CD reinvestment timing and liquidity needs.', 2);
INSERT INTO customers (account_number, name, ssn, cif, dob, zip, relationship, address, phone, email, primary_branch, personal_banker, wealth_advisor, checking_balance, savings_balance, household_balance, invested_balance, affluency_tier, fraud_risk_score, fraud_risk_tier, fraud_cases, frontline_notes, last_reviewed) VALUES ('10112679', 'Alicia Moreno', '000-12-1006', 'CIF-1126795', '12/22/1980', '46123', '10 years', '55 E Main St, Avon, IN 46123', '317-555-0126', 'alicia.moreno@example.com', 'Avon', 'Sophia Ramirez', 'Not assigned', 9400, 26700, 64100, 12500, 1, 81, 'Critical', 3, 5, '05/30/2026');
INSERT INTO customer_profitability (account_number, tier, annual_contribution, main_driver, watch_item) VALUES ('10112679', 'Medium', 1120, 'Mortgage, personal loan, and growing deposit relationship', 'High fraud score and service needs');
INSERT INTO customer_accounts (account_number, product_type, product_account, status, open_date, balance, sort_order) VALUES ('10112679', 'Everyday Checking', '10112679', 'Open', '02/08/2016', 9400, 1);
INSERT INTO customer_accounts (account_number, product_type, product_account, status, open_date, balance, sort_order) VALUES ('10112679', 'Statement Savings', '20112679', 'Open', '02/08/2016', 26700, 2);
INSERT INTO customer_accounts (account_number, product_type, product_account, status, open_date, balance, sort_order) VALUES ('10112679', 'Rewards Credit Card', '40112679', 'Active', '06/18/2019', 6200, 3);
INSERT INTO loans (account_number, loan_type, balance, status, payment_status, sort_order) VALUES ('10112679', 'Mortgage', 188900, 'Current', 'Next due 06/01/2026', 1);
INSERT INTO loans (account_number, loan_type, balance, status, payment_status, sort_order) VALUES ('10112679', 'Personal Loan', 6200, 'Current', 'Next due 06/12/2026', 2);
INSERT INTO household_members (account_number, member_name, relationship, products, sort_order) VALUES ('10112679', 'Alicia Moreno', 'Primary', 'Checking, Savings, Mortgage', 1);
INSERT INTO household_members (account_number, member_name, relationship, products, sort_order) VALUES ('10112679', 'Diego Moreno', 'Joint Owner', 'Joint Checking, Personal Loan', 2);
INSERT INTO customer_business_accounts (account_number, business_name, owner_role, products, relationship_value, sort_order) VALUES ('10112679', 'Moreno Catering Co.', 'Owner', 'Business Checking', 28400, 1);
INSERT INTO fraud_history (account_number, fraud_type, event_count, impact, sort_order) VALUES ('10112679', 'Account Takeover', 1, 24, 1);
INSERT INTO fraud_history (account_number, fraud_type, event_count, impact, sort_order) VALUES ('10112679', 'Card Fraud', 2, 22, 2);
INSERT INTO fraud_history (account_number, fraud_type, event_count, impact, sort_order) VALUES ('10112679', 'Suspicious Login', 4, 20, 3);
INSERT INTO fraud_history (account_number, fraud_type, event_count, impact, sort_order) VALUES ('10112679', 'Phishing Concern', 3, 12, 4);
INSERT INTO fraud_drivers (account_number, driver, sort_order) VALUES ('10112679', 'Multiple recent fraud cases', 1);
INSERT INTO fraud_drivers (account_number, driver, sort_order) VALUES ('10112679', 'Account takeover history', 2);
INSERT INTO fraud_drivers (account_number, driver, sort_order) VALUES ('10112679', 'High frontline concern count', 3);
INSERT INTO fraud_drivers (account_number, driver, sort_order) VALUES ('10112679', 'Card fraud pattern detected', 4);
INSERT INTO discover_needs (account_number, product, priority, reason, next_action, status, sort_order) VALUES ('10112679', 'Mortgage Payment Review', 'High', 'Mortgage balance is active and payment timing should be reviewed.', 'Review payment schedule and escrow needs.', 'Needs banker review', 1);
INSERT INTO discover_needs (account_number, product, priority, reason, next_action, status, sort_order) VALUES ('10112679', 'Debt Consolidation Review', 'Medium', 'Personal loan and card balance create a possible consolidation conversation.', 'Compare current debt payments and payoff timeline.', 'Lending review', 2);
INSERT INTO discover_needs (account_number, product, priority, reason, next_action, status, sort_order) VALUES ('10112679', 'Fraud-Safe Digital Banking Setup', 'High', 'High fraud matrix score suggests the client may benefit from stronger digital controls.', 'Review alerts, passwords, device access, and contact preferences.', 'Immediate service opportunity', 3);
INSERT INTO next_best_actions (account_number, title, priority, reason, banker, due) VALUES ('10112679', 'Review digital safety setup', 'High', 'High fraud score and recent fraud history make digital controls a service priority.', 'Sophia Ramirez', '06/03/2026');
INSERT INTO customer_alerts (account_number, label, alert_type, sort_order) VALUES ('10112679', 'Fraud matrix score is high', 'Risk', 1);
INSERT INTO customer_alerts (account_number, label, alert_type, sort_order) VALUES ('10112679', 'Mortgage payment review', 'Lending', 2);
INSERT INTO customer_alerts (account_number, label, alert_type, sort_order) VALUES ('10112679', 'Digital banking safety review', 'Service', 3);
INSERT INTO customer_notes (account_number, author, note_date, note_text, sort_order) VALUES ('10112679', 'Sophia Ramirez', '05/31/2026', 'Client requested help setting stronger account alerts.', 1);
INSERT INTO customer_notes (account_number, author, note_date, note_text, sort_order) VALUES ('10112679', 'Fraud Team', '05/30/2026', 'Recommend verifying contact preferences before high-risk activity.', 2);
INSERT INTO customers (account_number, name, ssn, cif, dob, zip, relationship, address, phone, email, primary_branch, personal_banker, wealth_advisor, checking_balance, savings_balance, household_balance, invested_balance, affluency_tier, fraud_risk_score, fraud_risk_tier, fraud_cases, frontline_notes, last_reviewed) VALUES ('10144520', 'Grace Bennett', '000-12-1007', 'CIF-1445208', '04/07/1974', '46037', '15 years', '723 Lantern Rd, Fishers, IN 46037', '317-555-0197', 'grace.bennett@example.com', 'Fishers', 'Nora Whitfield', 'Luke', 32860, 214750, 689430, 396820, 3, 31, 'Medium', 0, 1, '05/22/2026');
INSERT INTO customer_profitability (account_number, tier, annual_contribution, main_driver, watch_item) VALUES ('10144520', 'High', 6120, 'Wealth balances, deposits, mortgage, and business services', 'Review concentration of business deposits');
INSERT INTO customer_accounts (account_number, product_type, product_account, status, open_date, balance, sort_order) VALUES ('10144520', 'Premier Checking', '10144520', 'Open', '06/14/2011', 32860, 1);
INSERT INTO customer_accounts (account_number, product_type, product_account, status, open_date, balance, sort_order) VALUES ('10144520', 'Business Owner Money Market', '20144520', 'Open', '02/03/2014', 214750, 2);
INSERT INTO customer_accounts (account_number, product_type, product_account, status, open_date, balance, sort_order) VALUES ('10144520', '18 Month CD', '30144520', 'Matures 11/2026', '05/08/2025', 118400, 3);
INSERT INTO loans (account_number, loan_type, balance, status, payment_status, sort_order) VALUES ('10144520', 'Mortgage', 312500, 'Current', 'Next due 06/17/2026', 1);
INSERT INTO loans (account_number, loan_type, balance, status, payment_status, sort_order) VALUES ('10144520', 'Business Term Loan', 72500, 'Current', 'Next due 06/20/2026', 2);
INSERT INTO household_members (account_number, member_name, relationship, products, sort_order) VALUES ('10144520', 'Grace Bennett', 'Primary', 'Checking, Savings, Mortgage, Business', 1);
INSERT INTO household_members (account_number, member_name, relationship, products, sort_order) VALUES ('10144520', 'Henry Bennett', 'Spouse', 'Joint Savings, Credit Card', 2);
INSERT INTO customer_business_accounts (account_number, business_name, owner_role, products, relationship_value, sort_order) VALUES ('10144520', 'Bennett Custom Homes LLC', 'Owner', 'Business Checking, Treasury Services, Business Credit Card', 226400, 1);
INSERT INTO fraud_history (account_number, fraud_type, event_count, impact, sort_order) VALUES ('10144520', 'Account Takeover', 0, 0, 1);
INSERT INTO fraud_history (account_number, fraud_type, event_count, impact, sort_order) VALUES ('10144520', 'Card Fraud', 0, 0, 2);
INSERT INTO fraud_history (account_number, fraud_type, event_count, impact, sort_order) VALUES ('10144520', 'Suspicious Login', 1, 8, 3);
INSERT INTO fraud_history (account_number, fraud_type, event_count, impact, sort_order) VALUES ('10144520', 'Phishing Concern', 1, 4, 4);
INSERT INTO fraud_drivers (account_number, driver, sort_order) VALUES ('10144520', 'No confirmed fraud cases', 1);
INSERT INTO fraud_drivers (account_number, driver, sort_order) VALUES ('10144520', 'One recent login verification', 2);
INSERT INTO fraud_drivers (account_number, driver, sort_order) VALUES ('10144520', 'High-value relationship monitored', 3);
INSERT INTO fraud_drivers (account_number, driver, sort_order) VALUES ('10144520', 'Business deposits increase exposure', 4);
INSERT INTO discover_needs (account_number, product, priority, reason, next_action, status, sort_order) VALUES ('10144520', 'Business Treasury Review', 'High', 'Business relationship has strong balances and may benefit from treasury tools.', 'Review cash flow, payroll, and merchant service needs.', 'Ready for outreach', 1);
INSERT INTO discover_needs (account_number, product, priority, reason, next_action, status, sort_order) VALUES ('10144520', 'Managed Portfolio Check-In', 'High', 'Affluency tier 3 client with significant invested balance.', 'Schedule joint banker and wealth advisor meeting.', 'Advisor review', 2);
INSERT INTO discover_needs (account_number, product, priority, reason, next_action, status, sort_order) VALUES ('10144520', 'CD Renewal Strategy', 'Medium', 'CD maturity in late 2026 creates a retention conversation.', 'Discuss liquidity needs before maturity.', 'Opportunity identified', 3);
INSERT INTO next_best_actions (account_number, title, priority, reason, banker, due) VALUES ('10144520', 'Coordinate business and wealth review', 'High', 'Client has high personal value, invested assets, and a linked business relationship.', 'Nora Whitfield', '06/18/2026');
INSERT INTO customer_alerts (account_number, label, alert_type, sort_order) VALUES ('10144520', 'Treasury review available', 'Business', 1);
INSERT INTO customer_alerts (account_number, label, alert_type, sort_order) VALUES ('10144520', 'Wealth advisor assigned', 'Relationship', 2);
INSERT INTO customer_alerts (account_number, label, alert_type, sort_order) VALUES ('10144520', 'CD maturity window approaching', 'Opportunity', 3);
INSERT INTO customer_notes (account_number, author, note_date, note_text, sort_order) VALUES ('10144520', 'Nora Whitfield', '05/23/2026', 'Client asked about separating operating cash from reserve balances.', 1);
INSERT INTO customer_notes (account_number, author, note_date, note_text, sort_order) VALUES ('10144520', 'Luke', '05/22/2026', 'Portfolio review due before next business expansion decision.', 2);
INSERT INTO customers (account_number, name, ssn, cif, dob, zip, relationship, address, phone, email, primary_branch, personal_banker, wealth_advisor, checking_balance, savings_balance, household_balance, invested_balance, affluency_tier, fraud_risk_score, fraud_risk_tier, fraud_cases, frontline_notes, last_reviewed) VALUES ('10188764', 'Omar Williams', '000-12-1008', 'CIF-1887642', '08/26/1988', '46227', '6 years', '3409 Madison Ave, Indianapolis, IN 46227', '317-555-0186', 'omar.williams@example.com', 'Southport', 'Caleb Martin', 'Not assigned', 11620, 33650, 92070, 5500, 1, 43, 'Medium', 0, 2, '05/27/2026');
INSERT INTO customer_profitability (account_number, tier, annual_contribution, main_driver, watch_item) VALUES ('10188764', 'Medium', 1480, 'Auto loan, deposits, and business checking relationship', 'Seasonal cash-flow swings in the business');
INSERT INTO customer_accounts (account_number, product_type, product_account, status, open_date, balance, sort_order) VALUES ('10188764', 'Everyday Checking', '10188764', 'Open', '09/10/2020', 11620, 1);
INSERT INTO customer_accounts (account_number, product_type, product_account, status, open_date, balance, sort_order) VALUES ('10188764', 'Statement Savings', '20188764', 'Open', '09/10/2020', 33650, 2);
INSERT INTO customer_accounts (account_number, product_type, product_account, status, open_date, balance, sort_order) VALUES ('10188764', 'Rewards Credit Card', '40188764', 'Active', '03/19/2022', 4200, 3);
INSERT INTO loans (account_number, loan_type, balance, status, payment_status, sort_order) VALUES ('10188764', 'Auto Loan', 18400, 'Current', 'Next due 06/14/2026', 1);
INSERT INTO loans (account_number, loan_type, balance, status, payment_status, sort_order) VALUES ('10188764', 'Equipment Loan', 48600, 'Current', 'Next due 06/19/2026', 2);
INSERT INTO household_members (account_number, member_name, relationship, products, sort_order) VALUES ('10188764', 'Omar Williams', 'Primary', 'Checking, Savings, Auto Loan, Business', 1);
INSERT INTO household_members (account_number, member_name, relationship, products, sort_order) VALUES ('10188764', 'Janelle Williams', 'Joint Owner', 'Joint Checking', 2);
INSERT INTO customer_business_accounts (account_number, business_name, owner_role, products, relationship_value, sort_order) VALUES ('10188764', 'Williams Auto Repair LLC', 'Owner', 'Business Checking, Equipment Loan', 118900, 1);
INSERT INTO fraud_history (account_number, fraud_type, event_count, impact, sort_order) VALUES ('10188764', 'Account Takeover', 0, 0, 1);
INSERT INTO fraud_history (account_number, fraud_type, event_count, impact, sort_order) VALUES ('10188764', 'Card Fraud', 0, 0, 2);
INSERT INTO fraud_history (account_number, fraud_type, event_count, impact, sort_order) VALUES ('10188764', 'Suspicious Login', 2, 14, 3);
INSERT INTO fraud_history (account_number, fraud_type, event_count, impact, sort_order) VALUES ('10188764', 'Phishing Concern', 1, 8, 4);
INSERT INTO fraud_drivers (account_number, driver, sort_order) VALUES ('10188764', 'Business debit card replacement request', 1);
INSERT INTO fraud_drivers (account_number, driver, sort_order) VALUES ('10188764', 'Two recent frontline notes', 2);
INSERT INTO fraud_drivers (account_number, driver, sort_order) VALUES ('10188764', 'Moderate digital activity change', 3);
INSERT INTO fraud_drivers (account_number, driver, sort_order) VALUES ('10188764', 'No confirmed fraud loss', 4);
INSERT INTO discover_needs (account_number, product, priority, reason, next_action, status, sort_order) VALUES ('10188764', 'Business Equipment Refinance', 'High', 'Business has equipment financing that may qualify for a refinance conversation.', 'Review remaining equipment loan term and current payment.', 'Needs lending review', 1);
INSERT INTO discover_needs (account_number, product, priority, reason, next_action, status, sort_order) VALUES ('10188764', 'Cash Reserve Sweep', 'Medium', 'Savings balance could support a dedicated reserve strategy.', 'Ask about business seasonality and reserve target.', 'Banker conversation', 2);
INSERT INTO discover_needs (account_number, product, priority, reason, next_action, status, sort_order) VALUES ('10188764', 'Business Credit Card Review', 'Low', 'Owner uses personal rewards card and may need cleaner business expense separation.', 'Compare monthly business spend categories.', 'Optional discussion', 3);
INSERT INTO next_best_actions (account_number, title, priority, reason, banker, due) VALUES ('10188764', 'Review business equipment financing', 'High', 'Linked business account has an equipment loan and possible refinance need.', 'Caleb Martin', '06/16/2026');
INSERT INTO customer_alerts (account_number, label, alert_type, sort_order) VALUES ('10188764', 'Business equipment refinance', 'Lending', 1);
INSERT INTO customer_alerts (account_number, label, alert_type, sort_order) VALUES ('10188764', 'Seasonal cash-flow review', 'Business', 2);
INSERT INTO customer_alerts (account_number, label, alert_type, sort_order) VALUES ('10188764', 'Recent debit card replacement', 'Service', 3);
INSERT INTO customer_notes (account_number, author, note_date, note_text, sort_order) VALUES ('10188764', 'Caleb Martin', '05/28/2026', 'Client mentioned replacing shop diagnostic equipment this summer.', 1);
INSERT INTO customer_notes (account_number, author, note_date, note_text, sort_order) VALUES ('10188764', 'Branch Teller', '05/27/2026', 'Verified business debit card replacement request in branch.', 2);
INSERT INTO customers (account_number, name, ssn, cif, dob, zip, relationship, address, phone, email, primary_branch, personal_banker, wealth_advisor, checking_balance, savings_balance, household_balance, invested_balance, affluency_tier, fraud_risk_score, fraud_risk_tier, fraud_cases, frontline_notes, last_reviewed) VALUES ('10233018', 'Mei Lin Carter', '000-12-1009', 'CIF-2330186', '02/11/1995', '46205', '2 years', '1522 N College Ave, Indianapolis, IN 46205', '317-555-0138', 'mei.carter@example.com', 'Fall Creek', 'Maya Thompson', 'Not assigned', 7200, 54800, 69100, 7100, 2, 36, 'Medium', 0, 1, '05/20/2026');
INSERT INTO customer_profitability (account_number, tier, annual_contribution, main_driver, watch_item) VALUES ('10233018', 'Medium', 980, 'Growing deposits and new business owner relationship', 'Newer relationship still needs product fit discovery');
INSERT INTO customer_accounts (account_number, product_type, product_account, status, open_date, balance, sort_order) VALUES ('10233018', 'Everyday Checking', '10233018', 'Open', '08/03/2024', 7200, 1);
INSERT INTO customer_accounts (account_number, product_type, product_account, status, open_date, balance, sort_order) VALUES ('10233018', 'High Yield Savings', '20233018', 'Open', '08/03/2024', 54800, 2);
INSERT INTO customer_accounts (account_number, product_type, product_account, status, open_date, balance, sort_order) VALUES ('10233018', 'Rewards Credit Card', '40233018', 'Active', '01/12/2025', 1800, 3);
INSERT INTO loans (account_number, loan_type, balance, status, payment_status, sort_order) VALUES ('10233018', 'Personal Loan', 5200, 'Current', 'Next due 06/25/2026', 1);
INSERT INTO household_members (account_number, member_name, relationship, products, sort_order) VALUES ('10233018', 'Mei Lin Carter', 'Primary', 'Checking, Savings, Business', 1);
INSERT INTO customer_business_accounts (account_number, business_name, owner_role, products, relationship_value, sort_order) VALUES ('10233018', 'Carter Tech Consulting LLC', 'Owner', 'Business Checking, Business Debit Card', 64000, 1);
INSERT INTO fraud_history (account_number, fraud_type, event_count, impact, sort_order) VALUES ('10233018', 'Account Takeover', 0, 0, 1);
INSERT INTO fraud_history (account_number, fraud_type, event_count, impact, sort_order) VALUES ('10233018', 'Card Fraud', 0, 0, 2);
INSERT INTO fraud_history (account_number, fraud_type, event_count, impact, sort_order) VALUES ('10233018', 'Suspicious Login', 1, 8, 3);
INSERT INTO fraud_history (account_number, fraud_type, event_count, impact, sort_order) VALUES ('10233018', 'Phishing Concern', 1, 5, 4);
INSERT INTO fraud_drivers (account_number, driver, sort_order) VALUES ('10233018', 'New business relationship', 1);
INSERT INTO fraud_drivers (account_number, driver, sort_order) VALUES ('10233018', 'One phishing education note', 2);
INSERT INTO fraud_drivers (account_number, driver, sort_order) VALUES ('10233018', 'No confirmed fraud cases', 3);
INSERT INTO fraud_drivers (account_number, driver, sort_order) VALUES ('10233018', 'Lower loan exposure', 4);
INSERT INTO discover_needs (account_number, product, priority, reason, next_action, status, sort_order) VALUES ('10233018', 'Business Credit Card', 'Medium', 'Business debit usage suggests a card could help separate expenses and build history.', 'Ask about monthly consulting expenses.', 'Needs discovery', 1);
INSERT INTO discover_needs (account_number, product, priority, reason, next_action, status, sort_order) VALUES ('10233018', 'Starter Wealth Conversation', 'Medium', 'Savings balance is growing and invested balance is still light.', 'Discuss goals, emergency reserve, and time horizon.', 'Banker conversation', 2);
INSERT INTO discover_needs (account_number, product, priority, reason, next_action, status, sort_order) VALUES ('10233018', 'Tax Reserve Account', 'Low', 'Consulting income may benefit from a separate tax reserve account.', 'Ask about quarterly tax planning.', 'Optional discussion', 3);
INSERT INTO next_best_actions (account_number, title, priority, reason, banker, due) VALUES ('10233018', 'Discover business banking needs', 'Medium', 'New business owner relationship with growing deposits and likely payment needs.', 'Maya Thompson', '06/21/2026');
INSERT INTO customer_alerts (account_number, label, alert_type, sort_order) VALUES ('10233018', 'New business owner relationship', 'Business', 1);
INSERT INTO customer_alerts (account_number, label, alert_type, sort_order) VALUES ('10233018', 'Starter wealth opportunity', 'Opportunity', 2);
INSERT INTO customer_alerts (account_number, label, alert_type, sort_order) VALUES ('10233018', 'Phishing education completed', 'Service', 3);
INSERT INTO customer_notes (account_number, author, note_date, note_text, sort_order) VALUES ('10233018', 'Maya Thompson', '05/21/2026', 'Client asked how to separate consulting income from personal savings.', 1);
INSERT INTO customer_notes (account_number, author, note_date, note_text, sort_order) VALUES ('10233018', 'Contact Center', '05/20/2026', 'Sent phishing education checklist after suspicious email question.', 2);
INSERT INTO customers (account_number, name, ssn, cif, dob, zip, relationship, address, phone, email, primary_branch, personal_banker, wealth_advisor, checking_balance, savings_balance, household_balance, invested_balance, affluency_tier, fraud_risk_score, fraud_risk_tier, fraud_cases, frontline_notes, last_reviewed) VALUES ('10277455', 'Robert Hayes', '000-12-1010', 'CIF-2774550', '10/03/1951', '46142', '29 years', '804 Madison Ave, Greenwood, IN 46142', '317-555-0155', 'robert.hayes@example.com', 'Greenwood', 'Sophia Ramirez', 'Victor Hale', 15890, 128600, 244380, 54890, 2, 68, 'High', 1, 4, '05/31/2026');
INSERT INTO customer_profitability (account_number, tier, annual_contribution, main_driver, watch_item) VALUES ('10277455', 'High', 2210, 'Long-tenured deposits, CD balances, and business relationship', 'Higher fraud vulnerability due to recent phone scam attempt');
INSERT INTO customer_accounts (account_number, product_type, product_account, status, open_date, balance, sort_order) VALUES ('10277455', 'Classic Checking', '10277455', 'Open', '05/18/1997', 15890, 1);
INSERT INTO customer_accounts (account_number, product_type, product_account, status, open_date, balance, sort_order) VALUES ('10277455', 'Premium Savings', '20277455', 'Open', '05/18/1997', 128600, 2);
INSERT INTO customer_accounts (account_number, product_type, product_account, status, open_date, balance, sort_order) VALUES ('10277455', '24 Month CD', '30277455', 'Matures 01/2027', '01/22/2025', 45200, 3);
INSERT INTO loans (account_number, loan_type, balance, status, payment_status, sort_order) VALUES ('10277455', 'Seasonal Business Line', 38000, 'Current', 'Interest due 06/28/2026', 1);
INSERT INTO household_members (account_number, member_name, relationship, products, sort_order) VALUES ('10277455', 'Robert Hayes', 'Primary', 'Checking, Savings, CD, Business', 1);
INSERT INTO household_members (account_number, member_name, relationship, products, sort_order) VALUES ('10277455', 'Linda Hayes', 'Spouse', 'Joint Checking, CD', 2);
INSERT INTO customer_business_accounts (account_number, business_name, owner_role, products, relationship_value, sort_order) VALUES ('10277455', 'Hayes Family Farm Market', 'Owner', 'Business Checking, Seasonal Line of Credit', 173200, 1);
INSERT INTO fraud_history (account_number, fraud_type, event_count, impact, sort_order) VALUES ('10277455', 'Account Takeover', 0, 0, 1);
INSERT INTO fraud_history (account_number, fraud_type, event_count, impact, sort_order) VALUES ('10277455', 'Card Fraud', 1, 18, 2);
INSERT INTO fraud_history (account_number, fraud_type, event_count, impact, sort_order) VALUES ('10277455', 'Suspicious Login', 2, 15, 3);
INSERT INTO fraud_history (account_number, fraud_type, event_count, impact, sort_order) VALUES ('10277455', 'Phishing Concern', 4, 18, 4);
INSERT INTO fraud_drivers (account_number, driver, sort_order) VALUES ('10277455', 'Recent phone scam attempt', 1);
INSERT INTO fraud_drivers (account_number, driver, sort_order) VALUES ('10277455', 'Multiple frontline education notes', 2);
INSERT INTO fraud_drivers (account_number, driver, sort_order) VALUES ('10277455', 'Card replacement after suspected compromise', 3);
INSERT INTO fraud_drivers (account_number, driver, sort_order) VALUES ('10277455', 'Long-tenured client with high deposit balances', 4);
INSERT INTO discover_needs (account_number, product, priority, reason, next_action, status, sort_order) VALUES ('10277455', 'Fraud-Safe Service Review', 'High', 'Recent scam attempt and frontline notes suggest the client may need stronger safeguards.', 'Review verbal passwords, alerts, trusted contacts, and digital access.', 'Immediate service opportunity', 1);
INSERT INTO discover_needs (account_number, product, priority, reason, next_action, status, sort_order) VALUES ('10277455', 'CD Ladder Strategy', 'Medium', 'CD maturity and high savings balance create a renewal planning opportunity.', 'Discuss income needs and maturity timing.', 'Opportunity identified', 2);
INSERT INTO discover_needs (account_number, product, priority, reason, next_action, status, sort_order) VALUES ('10277455', 'Seasonal Business Line Review', 'Medium', 'Farm market has seasonal working capital needs.', 'Review upcoming inventory and cash-flow timing.', 'Needs lending review', 3);
INSERT INTO next_best_actions (account_number, title, priority, reason, banker, due) VALUES ('10277455', 'Complete fraud-safe service review', 'High', 'Client had a recent scam attempt and would benefit from stronger account safeguards.', 'Sophia Ramirez', '06/11/2026');
INSERT INTO customer_alerts (account_number, label, alert_type, sort_order) VALUES ('10277455', 'Fraud-safe service review', 'Risk', 1);
INSERT INTO customer_alerts (account_number, label, alert_type, sort_order) VALUES ('10277455', 'CD maturity strategy', 'Opportunity', 2);
INSERT INTO customer_alerts (account_number, label, alert_type, sort_order) VALUES ('10277455', 'Seasonal business line review', 'Lending', 3);
INSERT INTO customer_notes (account_number, author, note_date, note_text, sort_order) VALUES ('10277455', 'Sophia Ramirez', '06/01/2026', 'Client reported a suspicious phone call claiming to be from the bank.', 1);
INSERT INTO customer_notes (account_number, author, note_date, note_text, sort_order) VALUES ('10277455', 'Branch Teller', '05/31/2026', 'Reviewed scam warning signs and confirmed contact preferences.', 2);
INSERT INTO employees (employee_id, name, email, department, employee_role, branch, manager, access_level, status, hire_date, training_status, disclosures, linked_business_id) VALUES ('EMP-1000', 'Aung', 'admin.crm.demo@gmail.com', 'Administration', 'CRM Admin', 'Corporate Office', 'Board Oversight', 'Full CRM administration', 'Active', '06/01/2024', 'Current', 'Admin test account', '');
INSERT INTO employees (employee_id, name, email, department, employee_role, branch, manager, access_level, status, hire_date, training_status, disclosures, linked_business_id) VALUES ('EMP-1001', 'Lizzie', 'hr.crm.demo@gmail.com', 'Human Resources', 'HR Business Partner', 'Corporate Office', 'Aung', 'Employee records and access readiness', 'Active', '08/14/2019', 'Current', 'No outside business relationship on file', '');
INSERT INTO employees (employee_id, name, email, department, employee_role, branch, manager, access_level, status, hire_date, training_status, disclosures, linked_business_id) VALUES ('EMP-1002', 'Nora Whitfield', 'banker.crm.demo@gmail.com', 'Retail Banking', 'Personal Banker', 'Indianapolis Downtown', 'Iris Bennett', 'Client profile and relationship management', 'Active', '02/03/2017', 'CRM notes coaching due', 'No outside business relationship on file', '');
INSERT INTO employees (employee_id, name, email, department, employee_role, branch, manager, access_level, status, hire_date, training_status, disclosures, linked_business_id) VALUES ('EMP-1003', 'Preston', 'fraud.crm.demo@gmail.com', 'Fraud Team', 'Fraud Analyst', 'Operations Center', 'Aung', 'Fraud matrix and case investigation', 'Active', '11/09/2020', 'Fraud access recertification pending', 'No outside business relationship on file', '');
INSERT INTO employees (employee_id, name, email, department, employee_role, branch, manager, access_level, status, hire_date, training_status, disclosures, linked_business_id) VALUES ('EMP-1004', 'Gavin', 'loans.crm.demo@gmail.com', 'Loans and Mortgage', 'Loan Specialist', 'Carmel', 'Victor Hale', 'Lending pipeline and loan review', 'Active', '04/18/2021', 'Lending role onboarding current', 'Outside business account disclosed', 'BUS-9005');
INSERT INTO employees (employee_id, name, email, department, employee_role, branch, manager, access_level, status, hire_date, training_status, disclosures, linked_business_id) VALUES ('EMP-1005', 'Alex', 'marketing.crm.demo@gmail.com', 'Marketing', 'Campaign Manager', 'Corporate Office', 'Aung', 'Aggregated campaign and segment data', 'Active', '06/22/2022', 'Privacy training scheduled', 'No outside business relationship on file', '');
INSERT INTO employees (employee_id, name, email, department, employee_role, branch, manager, access_level, status, hire_date, training_status, disclosures, linked_business_id) VALUES ('EMP-1006', 'Luke', 'wealth.crm.demo@gmail.com', 'Wealth Management', 'Wealth Advisor', 'Indianapolis Downtown', 'Aung', 'Wealth client profile and investment portfolio', 'Active', '09/12/2018', 'Current', 'No outside business relationship on file', '');
INSERT INTO employees (employee_id, name, email, department, employee_role, branch, manager, access_level, status, hire_date, training_status, disclosures, linked_business_id) VALUES ('EMP-1007', 'Evan Brooks', 'evan.brooks@example.com', 'Retail Banking', 'Relationship Banker', 'Mass Ave', 'Nora Whitfield', 'Client profile and notes', 'Active', '01/17/2018', 'Current', 'Employee also has a personal customer relationship', '');
INSERT INTO employees (employee_id, name, email, department, employee_role, branch, manager, access_level, status, hire_date, training_status, disclosures, linked_business_id) VALUES ('EMP-1008', 'Sydney', 'hr.sydney.crm.demo@gmail.com', 'Human Resources', 'HR Specialist', 'Corporate Office', 'Aung', 'Employee records and access readiness', 'Active', '03/11/2024', 'Current', 'HR test account', '');
INSERT INTO employees (employee_id, name, email, department, employee_role, branch, manager, access_level, status, hire_date, training_status, disclosures, linked_business_id) VALUES ('EMP-1009', 'Abby', 'admin.abby.crm.demo@gmail.com', 'Administration', 'CRM Admin', 'Corporate Office', 'Board Oversight', 'Full CRM administration', 'Active', '06/01/2024', 'Current', 'Admin test account', '');
INSERT INTO business_records (business_id, business_name, owner_name, owner_type, linked_account_number, linked_employee_id, products, relationship_value, status, banker, lending_opportunity) VALUES ('BUS-9001', 'Parker Design Studio LLC', 'Elise Parker', 'Customer', '10024588', '', 'Business Checking, Merchant Services, Business Credit Card', 86400, 'Active', 'Nora Whitfield', 'Merchant services expansion');
INSERT INTO business_records (business_id, business_name, owner_name, owner_type, linked_account_number, linked_employee_id, products, relationship_value, status, banker, lending_opportunity) VALUES ('BUS-9002', 'Collins Properties LLC', 'Dana Collins', 'Customer', '10058217', '', 'Business Checking, Line of Credit', 142800, 'Active', 'Iris Bennett', 'Business line of credit review');
INSERT INTO business_records (business_id, business_name, owner_name, owner_type, linked_account_number, linked_employee_id, products, relationship_value, status, banker, lending_opportunity) VALUES ('BUS-9003', 'Nguyen Family Holdings LLC', 'Thomas Nguyen', 'Customer', '10090866', '', 'Business Checking, Treasury Services', 318500, 'Active', 'Evan Brooks', 'Treasury services review');
INSERT INTO business_records (business_id, business_name, owner_name, owner_type, linked_account_number, linked_employee_id, products, relationship_value, status, banker, lending_opportunity) VALUES ('BUS-9004', 'Moreno Catering Co.', 'Alicia Moreno', 'Customer', '10112679', '', 'Business Checking', 28400, 'Active', 'Sophia Ramirez', 'Equipment loan discussion');
INSERT INTO business_records (business_id, business_name, owner_name, owner_type, linked_account_number, linked_employee_id, products, relationship_value, status, banker, lending_opportunity) VALUES ('BUS-9005', 'Brooks Home Services LLC', 'Gavin', 'Employee', '', 'EMP-1004', 'Business Checking', 18600, 'Disclosed employee relationship', 'Caleb Martin', 'Disclosure review only for HR');
INSERT INTO business_records (business_id, business_name, owner_name, owner_type, linked_account_number, linked_employee_id, products, relationship_value, status, banker, lending_opportunity) VALUES ('BUS-9006', 'Bennett Custom Homes LLC', 'Grace Bennett', 'Customer', '10144520', '', 'Business Checking, Treasury Services, Business Credit Card', 226400, 'Active', 'Nora Whitfield', 'Treasury services and expansion financing');
INSERT INTO business_records (business_id, business_name, owner_name, owner_type, linked_account_number, linked_employee_id, products, relationship_value, status, banker, lending_opportunity) VALUES ('BUS-9007', 'Williams Auto Repair LLC', 'Omar Williams', 'Customer', '10188764', '', 'Business Checking, Equipment Loan', 118900, 'Active', 'Caleb Martin', 'Equipment refinance review');
INSERT INTO business_records (business_id, business_name, owner_name, owner_type, linked_account_number, linked_employee_id, products, relationship_value, status, banker, lending_opportunity) VALUES ('BUS-9008', 'Carter Tech Consulting LLC', 'Mei Lin Carter', 'Customer', '10233018', '', 'Business Checking, Business Debit Card', 64000, 'Active', 'Maya Thompson', 'Business credit card conversation');
INSERT INTO business_records (business_id, business_name, owner_name, owner_type, linked_account_number, linked_employee_id, products, relationship_value, status, banker, lending_opportunity) VALUES ('BUS-9009', 'Hayes Family Farm Market', 'Robert Hayes', 'Customer', '10277455', '', 'Business Checking, Seasonal Line of Credit', 173200, 'Active', 'Sophia Ramirez', 'Seasonal working capital review');
INSERT INTO business_records (business_id, business_name, owner_name, owner_type, linked_account_number, linked_employee_id, products, relationship_value, status, banker, lending_opportunity) VALUES ('BUS-9010', 'Circle City Dental Group', 'Dr. Hannah Price', 'Business', '', '', 'Business Checking, Payroll Services, Term Loan', 412000, 'Active standalone business client', 'Iris Bennett', 'Expansion loan prequalification');
INSERT INTO leads (lead_type, title, account_number, amount, priority, status, reason, visible_to) VALUES ('PL', 'Personal loan refinance', '10031942', 9800, 'High', 'Banker follow-up', 'Marcus Reed may benefit from a payment or rate review on an existing personal loan.', '["admin","banker","loans","marketing"]');
INSERT INTO leads (lead_type, title, account_number, amount, priority, status, reason, visible_to) VALUES ('PL', 'Debt consolidation review', '10112679', 12400, 'Medium', 'Needs lending review', 'Alicia Moreno has card and personal loan exposure that could become one cleaner payment.', '["admin","banker","loans"]');
INSERT INTO leads (lead_type, title, account_number, amount, priority, status, reason, visible_to) VALUES ('BL', 'Business line of credit', '10058217', 65000, 'High', 'Ready for outreach', 'Collins Properties LLC has a business relationship and may need flexible working capital.', '["admin","banker","loans","marketing"]');
INSERT INTO leads (lead_type, title, account_number, amount, priority, status, reason, visible_to) VALUES ('BL', 'Equipment loan discussion', '10112679', 28000, 'Medium', 'Discovery needed', 'Moreno Catering Co. has a small business relationship that could support growth financing.', '["admin","banker","loans","marketing"]');
INSERT INTO leads (lead_type, title, account_number, amount, priority, status, reason, visible_to) VALUES ('PL', 'Home equity conversation', '10024588', 45000, 'Low', 'Optional discussion', 'Elise Parker has strong home and deposit relationship value for a future lending conversation.', '["admin","banker","loans"]');
INSERT INTO leads (lead_type, title, account_number, amount, priority, status, reason, visible_to) VALUES ('BL', 'Treasury services review', '10144520', 85000, 'High', 'Ready for outreach', 'Bennett Custom Homes LLC has strong balances and may benefit from treasury services.', '["admin","banker","loans","wealth","marketing"]');
INSERT INTO leads (lead_type, title, account_number, amount, priority, status, reason, visible_to) VALUES ('BL', 'Equipment refinance review', '10188764', 48600, 'High', 'Needs lending review', 'Williams Auto Repair LLC has equipment financing that may qualify for a refinance review.', '["admin","banker","loans","marketing"]');
INSERT INTO leads (lead_type, title, account_number, amount, priority, status, reason, visible_to) VALUES ('PL', 'Starter investment conversation', '10233018', 15000, 'Medium', 'Banker conversation', 'Mei Lin Carter has growing savings and limited invested balance with the bank.', '["admin","banker","wealth"]');
INSERT INTO leads (lead_type, title, account_number, amount, priority, status, reason, visible_to) VALUES ('BL', 'Seasonal line review', '10277455', 38000, 'Medium', 'Lending review', 'Hayes Family Farm Market may need seasonal working capital planning before peak inventory.', '["admin","banker","loans","marketing"]');
INSERT INTO offers (offer_type, title, audience, priority, status, reason, visible_to) VALUES ('PL', 'Personal loan pre-screen campaign', '3 clients', 'Medium', 'Draft offer', 'Targets customers with active consumer debt and clean payment history.', '["admin","marketing","banker","loans"]');
INSERT INTO offers (offer_type, title, audience, priority, status, reason, visible_to) VALUES ('BL', 'Business loan owner outreach', '8 business links', 'High', 'Campaign ready', 'Uses linked business accounts to identify customers who may need working capital.', '["admin","marketing","banker","loans"]');
INSERT INTO offers (offer_type, title, audience, priority, status, reason, visible_to) VALUES ('BL', 'Business services growth campaign', '5 business clients', 'High', 'Planning', 'Targets business relationships with deposit value, lending opportunities, and treasury service signals.', '["admin","marketing","banker","loans"]');
INSERT INTO offers (offer_type, title, audience, priority, status, reason, visible_to) VALUES ('PL', 'Digital safety referral prompt', 'Branch cue', 'Low', 'Service prompt', 'Gives frontline teams simple language to refer a customer to a banker or fraud specialist.', '["admin","hr","fraud"]');
INSERT INTO meetings (title, account_number, client, meeting_date, owner, visible_to) VALUES ('Wealth consultation', '10024588', 'Elise Parker', '06/07/2026', 'Nora Whitfield', '["admin","banker"]');
INSERT INTO meetings (title, account_number, client, meeting_date, owner, visible_to) VALUES ('Business lending discovery', '10058217', 'Dana Collins', '06/10/2026', 'Iris Bennett', '["admin","banker","loans","marketing"]');
INSERT INTO meetings (title, account_number, client, meeting_date, owner, visible_to) VALUES ('Fraud-safe digital banking setup', '10112679', 'Alicia Moreno', '06/03/2026', 'Sophia Ramirez', '["admin","banker","fraud","hr"]');
INSERT INTO meetings (title, account_number, client, meeting_date, owner, visible_to) VALUES ('Treasury and wealth review', '10144520', 'Grace Bennett', '06/18/2026', 'Nora Whitfield', '["admin","banker","wealth","loans"]');
INSERT INTO meetings (title, account_number, client, meeting_date, owner, visible_to) VALUES ('Business equipment refinance', '10188764', 'Omar Williams', '06/16/2026', 'Caleb Martin', '["admin","banker","loans"]');
INSERT INTO meetings (title, account_number, client, meeting_date, owner, visible_to) VALUES ('Fraud-safe service review', '10277455', 'Robert Hayes', '06/11/2026', 'Sophia Ramirez', '["admin","banker","fraud"]');
INSERT INTO role_test_users (role, label, department, name, first_name, email, dashboard_focus, primary_purpose) VALUES ('admin', 'Admin', 'Administration', 'Aung', 'Aung', 'admin.crm.demo@gmail.com', 'Full oversight across relationship growth, access, profitability, fraud risk, and CRM adoption.', 'Govern the CRM, manage access, and review the health of customer-facing workflows.');
INSERT INTO role_test_users (role, label, department, name, first_name, email, dashboard_focus, primary_purpose) VALUES ('hr', 'HR', 'Human Resources', 'Lizzie', 'Lizzie', 'hr.crm.demo@gmail.com', 'Employee readiness, training, access reviews, and consistent CRM usage.', 'Manage employee-related CRM readiness and internal role access, not customer financial servicing.');
INSERT INTO role_test_users (role, label, department, name, first_name, email, dashboard_focus, primary_purpose) VALUES ('banker', 'Banker', 'Retail Banking', 'Nora Whitfield', 'Nora', 'banker.crm.demo@gmail.com', 'Client profiles, relationship growth, alerts, profitability, and next best actions.', 'Manage relationships, grow accounts, serve clients, and coordinate follow-up.');
INSERT INTO role_test_users (role, label, department, name, first_name, email, dashboard_focus, primary_purpose) VALUES ('wealth', 'Wealth', 'Wealth Management', 'Luke', 'Luke', 'wealth.crm.demo@gmail.com', 'High-net-worth client management, investment portfolios, asset allocation, and wealth relationship growth.', 'Manage affluent clients, investment relationships, portfolio reviews, and wealth planning conversations.');
INSERT INTO role_test_users (role, label, department, name, first_name, email, dashboard_focus, primary_purpose) VALUES ('fraud', 'Fraud', 'Fraud Team', 'Preston', 'Preston', 'fraud.crm.demo@gmail.com', 'Fraud matrix, disputes, risk scoring, alerts, and investigation workflow.', 'Detect and prevent fraud while protecting the bank and customers from account compromise.');
INSERT INTO role_test_users (role, label, department, name, first_name, email, dashboard_focus, primary_purpose) VALUES ('loans', 'Loans', 'Loans and Mortgage', 'Gavin', 'Gavin', 'loans.crm.demo@gmail.com', 'PL/BL leads, mortgage opportunities, refinancing, credit review, and lending follow-up.', 'Underwrite and sell lending products while coordinating with bankers on qualified opportunities.');
INSERT INTO role_test_users (role, label, department, name, first_name, email, dashboard_focus, primary_purpose) VALUES ('marketing', 'Marketing', 'Marketing', 'Alex', 'Alex', 'marketing.crm.demo@gmail.com', 'Aggregated customer segments, product usage trends, and campaign-ready opportunity signals.', 'Run campaigns and target customers without exposing sensitive individual financial or fraud details.');
INSERT INTO users (username, email, password_hash, password_salt, role, is_active) VALUES ('Aung', 'admin.crm.demo@gmail.com', '53b3fa990c704b53013b340b3990396db5a1f898a761cbc37bed6543c71c83e718d9da7ce860f9f334a6fd91a1d14cee5ab6be7a18676448731bb8fd7107c552', 'e895469137c93883a5e564d296e8c93b', 'admin', 1);
INSERT INTO users (username, email, password_hash, password_salt, role, is_active) VALUES ('Abby', 'admin.abby.crm.demo@gmail.com', '53b3fa990c704b53013b340b3990396db5a1f898a761cbc37bed6543c71c83e718d9da7ce860f9f334a6fd91a1d14cee5ab6be7a18676448731bb8fd7107c552', 'e895469137c93883a5e564d296e8c93b', 'admin', 1);
INSERT INTO role_permissions (role, permission, sort_order) VALUES ('admin', 'view_dashboard', 1);
INSERT INTO role_permissions (role, permission, sort_order) VALUES ('admin', 'view_roles', 2);
INSERT INTO role_permissions (role, permission, sort_order) VALUES ('admin', 'view_leads', 3);
INSERT INTO role_permissions (role, permission, sort_order) VALUES ('admin', 'view_all_leads', 4);
INSERT INTO role_permissions (role, permission, sort_order) VALUES ('admin', 'view_offers', 5);
INSERT INTO role_permissions (role, permission, sort_order) VALUES ('admin', 'view_all_offers', 6);
INSERT INTO role_permissions (role, permission, sort_order) VALUES ('admin', 'view_meetings', 7);
INSERT INTO role_permissions (role, permission, sort_order) VALUES ('admin', 'view_all_meetings', 8);
INSERT INTO role_permissions (role, permission, sort_order) VALUES ('admin', 'view_fraud_summary', 9);
INSERT INTO role_permissions (role, permission, sort_order) VALUES ('admin', 'view_fraud_detail', 10);
INSERT INTO role_permissions (role, permission, sort_order) VALUES ('admin', 'view_pipeline', 11);
INSERT INTO role_permissions (role, permission, sort_order) VALUES ('admin', 'view_profitability', 12);
INSERT INTO role_permissions (role, permission, sort_order) VALUES ('admin', 'view_activity', 13);
INSERT INTO role_permissions (role, permission, sort_order) VALUES ('admin', 'view_discover_needs', 14);
INSERT INTO role_permissions (role, permission, sort_order) VALUES ('admin', 'search_customers', 15);
INSERT INTO role_permissions (role, permission, sort_order) VALUES ('admin', 'search_businesses', 16);
INSERT INTO role_permissions (role, permission, sort_order) VALUES ('admin', 'search_employees', 17);
INSERT INTO role_permissions (role, permission, sort_order) VALUES ('admin', 'search_fraud_risk', 18);
INSERT INTO role_permissions (role, permission, sort_order) VALUES ('admin', 'search_wealth_customers', 19);
INSERT INTO role_permissions (role, permission, sort_order) VALUES ('admin', 'search_loan_customers', 20);
INSERT INTO role_permissions (role, permission, sort_order) VALUES ('admin', 'search_segments', 21);
INSERT INTO role_permissions (role, permission, sort_order) VALUES ('admin', 'search_offers', 22);
INSERT INTO role_permissions (role, permission, sort_order) VALUES ('admin', 'manage_leads', 23);
INSERT INTO role_permissions (role, permission, sort_order) VALUES ('admin', 'manage_bank_notes', 24);
INSERT INTO role_permissions (role, permission, sort_order) VALUES ('admin', 'manage_meetings', 25);
INSERT INTO role_permissions (role, permission, sort_order) VALUES ('admin', 'edit_leads', 26);
INSERT INTO role_permissions (role, permission, sort_order) VALUES ('admin', 'edit_bank_notes', 27);
INSERT INTO role_permissions (role, permission, sort_order) VALUES ('admin', 'edit_meetings', 28);
INSERT INTO role_permissions (role, permission, sort_order) VALUES ('admin', 'edit_customers', 29);
INSERT INTO role_permissions (role, permission, sort_order) VALUES ('admin', 'edit_offers', 30);
INSERT INTO role_permissions (role, permission, sort_order) VALUES ('admin', 'edit_businesses', 31);
INSERT INTO role_permissions (role, permission, sort_order) VALUES ('admin', 'edit_employees', 32);
INSERT INTO role_permissions (role, permission, sort_order) VALUES ('admin', 'manage_fraud_notes', 33);
INSERT INTO users (username, email, password_hash, password_salt, role, is_active) VALUES ('Lizzie', 'hr.crm.demo@gmail.com', '00ed5c2c0c4371a5fd1d81cace13534aaf20967419de5ae10d8596cf46f89b25bc944617281a6449f4b662a3280df8eff60528008c8', '644b94d91ba85c6482f55d002633f31f', 'hr', 1);
INSERT INTO users (username, email, password_hash, password_salt, role, is_active) VALUES ('Sydney', 'hr.sydney.crm.demo@gmail.com', '00ed5c2c0c4371a5fd1d81cace13534aaf20967419de5ae10d8596cf46f89b25bc944617281a6449f4b662a3280df8eff60528008c8', '644b94d91ba85c6482f55d002633f31f', 'hr', 1);
INSERT INTO role_permissions (role, permission, sort_order) VALUES ('hr', 'view_dashboard', 1);
INSERT INTO role_permissions (role, permission, sort_order) VALUES ('hr', 'view_roles', 2);
INSERT INTO role_permissions (role, permission, sort_order) VALUES ('hr', 'search_employees', 3);
INSERT INTO role_permissions (role, permission, sort_order) VALUES ('hr', 'search_employee_businesses', 4);
INSERT INTO role_permissions (role, permission, sort_order) VALUES ('hr', 'edit_employees', 5);
INSERT INTO users (username, email, password_hash, password_salt, role, is_active) VALUES ('Nora Whitfield', 'banker.crm.demo@gmail.com', '0d59aa2777feac23d83c32ebbad71c8cc8d0f4e9c544f06cc9f2be614106c965369921c883ebd77c707aefd1f5f73fa1726a54b28dcd921b0bdbf55fb6be1072', 'b660abda9535c14f4b24490b01888f72', 'banker', 1);
INSERT INTO role_permissions (role, permission, sort_order) VALUES ('banker', 'view_dashboard', 1);
INSERT INTO role_permissions (role, permission, sort_order) VALUES ('banker', 'view_roles', 2);
INSERT INTO role_permissions (role, permission, sort_order) VALUES ('banker', 'view_leads', 3);
INSERT INTO role_permissions (role, permission, sort_order) VALUES ('banker', 'view_meetings', 4);
INSERT INTO role_permissions (role, permission, sort_order) VALUES ('banker', 'view_fraud_summary', 5);
INSERT INTO role_permissions (role, permission, sort_order) VALUES ('banker', 'view_pipeline', 6);
INSERT INTO role_permissions (role, permission, sort_order) VALUES ('banker', 'view_profitability', 7);
INSERT INTO role_permissions (role, permission, sort_order) VALUES ('banker', 'view_discover_needs', 8);
INSERT INTO role_permissions (role, permission, sort_order) VALUES ('banker', 'search_customers', 9);
INSERT INTO role_permissions (role, permission, sort_order) VALUES ('banker', 'search_businesses', 10);
INSERT INTO role_permissions (role, permission, sort_order) VALUES ('banker', 'manage_leads', 11);
INSERT INTO role_permissions (role, permission, sort_order) VALUES ('banker', 'manage_bank_notes', 12);
INSERT INTO role_permissions (role, permission, sort_order) VALUES ('banker', 'manage_meetings', 13);
INSERT INTO role_permissions (role, permission, sort_order) VALUES ('banker', 'edit_leads', 14);
INSERT INTO role_permissions (role, permission, sort_order) VALUES ('banker', 'edit_bank_notes', 15);
INSERT INTO role_permissions (role, permission, sort_order) VALUES ('banker', 'edit_meetings', 16);
INSERT INTO role_permissions (role, permission, sort_order) VALUES ('banker', 'edit_customers', 17);
INSERT INTO role_permissions (role, permission, sort_order) VALUES ('banker', 'edit_businesses', 18);
INSERT INTO users (username, email, password_hash, password_salt, role, is_active) VALUES ('Luke', 'wealth.crm.demo@gmail.com', 'f88b49b158fd75d9c132713dff89ffd4683a5a3ddbe877b69ab035198cb072f0b2774facff0702c3beacb421dff3e70cf050c3729b71a238bcb71d55fb1a1ff9', '5eab3cc18816916b6a10530ae1d7fedf', 'wealth', 1);
INSERT INTO role_permissions (role, permission, sort_order) VALUES ('wealth', 'view_dashboard', 1);
INSERT INTO role_permissions (role, permission, sort_order) VALUES ('wealth', 'view_roles', 2);
INSERT INTO role_permissions (role, permission, sort_order) VALUES ('wealth', 'view_offers', 3);
INSERT INTO role_permissions (role, permission, sort_order) VALUES ('wealth', 'view_all_offers', 4);
INSERT INTO role_permissions (role, permission, sort_order) VALUES ('wealth', 'view_meetings', 5);
INSERT INTO role_permissions (role, permission, sort_order) VALUES ('wealth', 'view_fraud_summary', 6);
INSERT INTO role_permissions (role, permission, sort_order) VALUES ('wealth', 'view_pipeline', 7);
INSERT INTO role_permissions (role, permission, sort_order) VALUES ('wealth', 'view_profitability', 8);
INSERT INTO role_permissions (role, permission, sort_order) VALUES ('wealth', 'search_wealth_customers', 9);
INSERT INTO role_permissions (role, permission, sort_order) VALUES ('wealth', 'manage_bank_notes', 10);
INSERT INTO role_permissions (role, permission, sort_order) VALUES ('wealth', 'manage_meetings', 11);
INSERT INTO role_permissions (role, permission, sort_order) VALUES ('wealth', 'edit_bank_notes', 12);
INSERT INTO role_permissions (role, permission, sort_order) VALUES ('wealth', 'edit_meetings', 13);
INSERT INTO role_permissions (role, permission, sort_order) VALUES ('wealth', 'edit_customers', 14);
INSERT INTO users (username, email, password_hash, password_salt, role, is_active) VALUES ('Preston', 'fraud.crm.demo@gmail.com', '7f4222ae2526d3756b3325e1e2f52288f226f37300752d4f6bdf0066bddf4516e58b9dc061cb3699be8169bb5f3623dc22e139ffe57ee6186d6e2800acf56651', '266b1dcc94c5bd0a22f716909615c025', 'fraud', 1);
INSERT INTO role_permissions (role, permission, sort_order) VALUES ('fraud', 'view_dashboard', 1);
INSERT INTO role_permissions (role, permission, sort_order) VALUES ('fraud', 'view_roles', 2);
INSERT INTO role_permissions (role, permission, sort_order) VALUES ('fraud', 'view_fraud_summary', 3);
INSERT INTO role_permissions (role, permission, sort_order) VALUES ('fraud', 'view_fraud_detail', 4);
INSERT INTO role_permissions (role, permission, sort_order) VALUES ('fraud', 'search_fraud_risk', 5);
INSERT INTO role_permissions (role, permission, sort_order) VALUES ('fraud', 'search_segments', 6);
INSERT INTO role_permissions (role, permission, sort_order) VALUES ('fraud', 'manage_fraud_notes', 7);
INSERT INTO users (username, email, password_hash, password_salt, role, is_active) VALUES ('Gavin', 'loans.crm.demo@gmail.com', 'ef9a29f8ac23eb0caa960668807c9f92cea8ed6c032d4f2ceb4ff012c52631389061eb8c1456bca5d8e6d5bf4420a9a53e855c231b750724ccfc35e38ed8417b', '1341c625a36e255a6831c51f4f3a00dc', 'loans', 1);
INSERT INTO role_permissions (role, permission, sort_order) VALUES ('loans', 'view_dashboard', 1);
INSERT INTO role_permissions (role, permission, sort_order) VALUES ('loans', 'view_roles', 2);
INSERT INTO role_permissions (role, permission, sort_order) VALUES ('loans', 'view_leads', 3);
INSERT INTO role_permissions (role, permission, sort_order) VALUES ('loans', 'view_meetings', 4);
INSERT INTO role_permissions (role, permission, sort_order) VALUES ('loans', 'view_fraud_summary', 5);
INSERT INTO role_permissions (role, permission, sort_order) VALUES ('loans', 'view_pipeline', 6);
INSERT INTO role_permissions (role, permission, sort_order) VALUES ('loans', 'search_loan_customers', 7);
INSERT INTO role_permissions (role, permission, sort_order) VALUES ('loans', 'search_businesses', 8);
INSERT INTO role_permissions (role, permission, sort_order) VALUES ('loans', 'manage_leads', 9);
INSERT INTO role_permissions (role, permission, sort_order) VALUES ('loans', 'manage_bank_notes', 10);
INSERT INTO role_permissions (role, permission, sort_order) VALUES ('loans', 'manage_meetings', 11);
INSERT INTO role_permissions (role, permission, sort_order) VALUES ('loans', 'edit_leads', 12);
INSERT INTO role_permissions (role, permission, sort_order) VALUES ('loans', 'edit_bank_notes', 13);
INSERT INTO role_permissions (role, permission, sort_order) VALUES ('loans', 'edit_meetings', 14);
INSERT INTO role_permissions (role, permission, sort_order) VALUES ('loans', 'edit_customers', 15);
INSERT INTO role_permissions (role, permission, sort_order) VALUES ('loans', 'edit_businesses', 16);
INSERT INTO users (username, email, password_hash, password_salt, role, is_active) VALUES ('Alex', 'marketing.crm.demo@gmail.com', '8a92d3dc2145af811bae1961480a7e8a6fe941c3c6fc997ac61abc7ccc6c2622728535da4e71bfda8804f030b4808a48e6d165a7288b75190080b684503a56e6', '921cb0cbc1edfe71cecec5fad3242754', 'marketing', 1);
INSERT INTO role_permissions (role, permission, sort_order) VALUES ('marketing', 'view_dashboard', 1);
INSERT INTO role_permissions (role, permission, sort_order) VALUES ('marketing', 'view_roles', 2);
INSERT INTO role_permissions (role, permission, sort_order) VALUES ('marketing', 'view_offers', 3);
INSERT INTO role_permissions (role, permission, sort_order) VALUES ('marketing', 'view_pipeline', 4);
INSERT INTO role_permissions (role, permission, sort_order) VALUES ('marketing', 'search_segments', 5);
INSERT INTO role_permissions (role, permission, sort_order) VALUES ('marketing', 'search_offers', 6);
INSERT INTO role_permissions (role, permission, sort_order) VALUES ('marketing', 'edit_offers', 7);
COMMIT;
